GB2544507B,,,
US9766124,,,
GB2528976B,,,
GB2524725B,,,
US9091658,,,
US8650947,,,
GB2465565B,,,
GB2477575B,,,
GB2429279B,,,
EP3338071A1,,,
US20180164219A1,,,
US20180050301A1,,,
US20180038800A1,,,
US20180038832A1,,,
US20180003641A1,,,
US20170167616A1,,,
USD788268,,,
US9632065,,,
US20160348795A1,,,
US9476516,,,
EU0033669700001S,,,
CA2690617C,,,
CA2770970A1,,,
US20100059699A1,,,
CA2631892A1,,,
US20170254786A1,,,
US20140160477A1,,,
CN204439545U,,,
CN203490201U,,,
US10802005,,,
US20200319150A1,,,
US20200300698A1,,,
US20200300794A1,,,
EP2635894B1,,,
CA2853962C,,,
CA2787221A1,,,